Chars	Matches	Time
1000	8759	10
2000	7696	9
3000	13666	24
4000	14437	30
5000	13374	31
6000	22978	31
7000	13353	31
8000	21619	28
9000	21915	27
10000	13353	27
11000	21915	32
12000	13374	32
13000	16027	30
14000	11994	34
15000	21894	33
16000	15901	33
17000	20556	32
18000	16027	34
19000	19472	34
20000	13479	33
21000	19472	31
22000	14542	31
23000	22020	30
24000	16027	29
25000	20451	29
26000	21915	30
27000	20451	29
28000	21619	30
29000	21619	29
30000	21894	30
31000	20451	30
32000	20577	31
33000	19554	30
34000	13374	31
35000	15626	28
36000	21915	28
37000	21915	25
38000	21619	26
39000	20451	29
40000	19407	25
41000	14563	28
42000	16027	29
43000	17943	30
44000	13479	27
45000	13332	30
46000	12015	30
47000	19407	29
48000	13479	28
49000	21894	32
50000	11057	31
51000	19386	29
52000	17090	30
53000	13374	31
54000	8801	28
55000	13372	28
56000	13397	60
57000	14525	61
58000	15462	66
59000	14525	60
60000	13483	61
61000	15462	60
62000	15569	54
63000	14525	56
64000	14420	59
65000	14420	62
66000	15462	60
67000	15527	51
68000	14525	55
69000	13483	56
70000	14525	59
71000	13462	54
72000	15462	61
73000	15462	54
74000	15462	53
75000	13397	53
76000	13462	54
77000	14525	57
78000	14525	56
79000	15462	63
80000	15462	53
81000	15462	52
82000	14525	52
83000	14420	52
84000	14525	55
85000	14525	54
86000	14420	57
87000	16590	61
88000	11439	56
89000	13483	53
90000	13504	57
91000	13504	58
92000	15462	59
93000	15462	54
94000	15462	56
95000	12355	53
96000	14525	58
97000	14525	54
98000	14525	53
99000	13483	55
100000	15462	56
101000	15462	54
102000	15462	52
103000	13462	56
104000	14525	60
105000	14525	53
106000	14525	48
107000	13462	56
108000	15462	56
109000	15462	54
110000	16590	50
111000	14420	57
112000	14525	58
113000	14525	53
114000	14525	63
115000	15462	55
116000	16590	55
117000	13504	56
118000	13462	54
119000	14525	53
120000	14420	55
121000	13504	58
122000	15462	53
123000	16485	54
124000	15462	51
125000	14525	54
126000	13462	61
127000	14420	60
128000	14525	56
129000	15462	69
130000	15462	57
131000	15462	55
132000	13462	53
133000	14525	56
134000	14525	58
135000	14525	51
136000	13504	55
137000	16485	59
138000	15462	54
139000	14525	53
140000	14525	57
141000	14525	55
142000	13483	50
143000	14420	51
144000	15462	62
145000	15462	53
146000	15569	50
147000	15462	52
148000	14420	57
149000	13504	60
150000	14420	54
151000	15462	61
152000	13483	52
153000	16590	50
154000	14525	56
155000	13462	57
156000	14525	54
157000	13483	57
158000	15462	61
159000	15462	52
160000	15462	52
161000	13397	329
162000	14525	499
163000	13483	492
164000	14420	494
165000	15462	499
166000	15462	274
167000	16485	490
168000	13397	495
169000	13504	496
170000	13504	499
171000	15462	501
172000	16590	493
173000	14525	278
174000	14420	491
175000	14525	495
176000	14420	496
177000	16590	495
178000	15462	273
179000	13504	494
180000	14420	493
181000	13462	498
182000	13462	499
183000	15462	497
184000	15462	492
185000	14525	274
186000	14420	496
187000	14525	495
188000	13504	494
189000	16485	497
190000	15462	491
191000	15462	273
192000	13483	496
193000	14525	493
194000	14525	495
195000	14525	492
196000	15462	503
197000	15462	272
198000	15462	491
199000	14525	494
200000	13462	496
201000	14525	501
202000	14420	272
203000	16590	499
204000	16590	494
205000	14525	497
206000	14525	497
207000	14420	501
208000	15462	496
209000	15462	494
210000	15462	272
211000	16590	493
212000	14525	493
213000	13504	490
214000	13504	275
215000	14420	494
216000	14420	498
217000	15527	496
218000	15462	492
219000	15462	493
220000	14420	274
221000	14525	494
222000	14525	495
223000	14525	494
224000	14420	499
225000	13462	495
226000	15462	273
227000	16590	489
228000	14420	492
229000	13504	495
230000	14420	497
231000	14525	279
232000	15548	497
233000	15569	489
234000	14420	497
235000	14525	496
236000	13483	502
237000	16485	495
238000	15462	271
239000	15462	491
240000	15462	488
241000	14420	494
242000	14525	279
243000	14525	495
244000	15462	503
245000	15462	493
246000	16485	493
247000	13504	495
248000	14525	497
249000	13504	274
250000	15462	499
251000	15462	492
252000	15462	493
253000	14420	495
254000	14420	494
255000	14525	274
256000	13504	493
257000	13504	503
258000	15527	491
259000	15462	491
260000	15462	273
261000	15548	490
262000	14525	497
263000	14525	491
264000	14525	496
265000	14420	500
266000	15462	274
267000	15462	492
268000	14525	494
269000	14525	496
270000	14525	495
271000	14420	498
272000	15462	277
273000	15462	495
274000	15527	495
275000	14420	498
276000	14525	495
277000	13462	491
278000	14525	498
279000	15462	273
280000	16485	491
281000	14525	494
282000	14525	499
283000	14525	496
284000	14420	495
285000	15462	278
286000	15462	492
287000	16590	489
288000	15462	497
289000	13397	274
290000	14525	489
291000	13483	500
292000	14420	493
293000	14420	494
294000	15462	496
295000	15462	273
296000	15462	492
297000	16485	489
298000	14525	498
299000	13504	276
300000	13462	491
301000	15462	497
302000	15527	494
303000	14525	493
304000	14525	500
305000	15462	504
306000	15462	493
307000	15462	272
308000	14420	498
309000	14525	494
310000	14525	491
311000	16485	501
312000	15462	493
313000	14420	275
314000	14525	498
315000	14525	492
316000	15462	503
317000	16590	489
318000	14441	495
319000	13397	496
320000	13504	272
321000	14525	492
322000	13504	499
323000	14420	491
324000	13483	498
325000	16590	275
326000	13462	494
327000	14525	497
328000	14420	491
329000	13462	493
330000	13462	271
331000	14525	494
332000	13483	503
333000	15462	495
334000	15462	494
335000	13483	491
336000	13483	278
337000	14525	493
338000	14525	493
339000	14420	494
340000	15462	497
341000	16590	271
342000	16590	491
343000	13397	500
344000	14525	495
345000	14525	265
346000	14525	494
347000	13504	502
348000	16485	496
349000	15462	488
350000	15462	492
351000	13397	274
352000	14420	491
353000	14525	494
354000	14525	496
355000	14420	496
356000	15548	496
357000	15462	271
358000	15569	490
359000	15527	267
360000	15462	492
361000	14525	498
362000	14525	496
363000	14525	492
364000	15462	502
365000	15462	492
366000	16590	270
367000	13462	494
368000	13504	496
369000	14525	499
370000	14420	495
371000	14420	496
372000	15462	272
373000	16590	489
374000	15527	492
375000	15462	271
376000	14525	493
377000	14420	491
378000	13504	493
379000	13462	276
380000	13483	492
381000	14525	500
382000	15462	493
383000	15462	493
384000	15527	269
385000	14525	492
386000	13483	498
387000	13504	492
388000	14525	493
389000	14525	272
390000	13504	496
391000	15462	495
392000	15462	492
393000	15462	273
394000	14420	496
395000	13504	492
396000	13483	499
397000	13462	498
398000	16590	491
399000	15462	272
400000	15462	491
401000	13397	493
402000	14420	497
403000	14525	496
404000	13483	274
405000	15462	721
406000	15462	273
407000	16485	490
408000	13397	494
409000	13483	272
410000	14525	494
411000	13504	490
412000	14525	492
413000	14420	496
414000	16590	273
415000	15462	492
416000	14420	495
417000	14525	497
418000	14525	497
419000	13504	499
420000	15462	274
421000	15462	492
422000	15462	491
423000	16590	490
424000	14525	498
425000	13504	272
426000	14420	492
427000	14420	497
428000	16485	493
429000	16485	273
430000	13397	494
431000	14420	493
432000	14525	492
433000	13504	504
434000	15462	496
435000	15462	272
436000	15462	493
437000	15527	491
438000	14420	493
439000	13504	273
440000	14525	499
441000	13483	496
442000	15548	493
443000	16590	489
444000	15462	494
445000	13504	275
446000	14420	488
447000	14525	491
448000	14525	272
449000	14525	495
450000	14525	501
451000	13504	492
452000	15462	489
453000	16485	274
454000	13462	497
455000	14525	496
456000	13462	502
457000	15462	493
458000	15462	491
459000	16590	493
460000	14525	500
461000	14525	274
462000	14420	495
463000	15462	500
464000	15462	492
465000	15462	493
466000	14420	497
467000	13462	276
468000	13504	497
469000	15462	501
470000	16590	489
471000	15462	495
472000	15462	487
473000	15462	269
474000	14420	496
475000	14525	497
476000	14525	495
477000	13462	501
478000	15548	271
479000	15462	495
480000	13397	493
481000	13462	497
482000	14525	497
483000	13462	495
484000	15462	496
485000	15548	276
486000	15462	490
487000	14525	495
488000	14525	495
489000	14525	494
490000	14420	271
491000	14420	495
492000	15462	495
493000	16485	488
494000	15462	275
495000	14525	494
496000	14525	494
497000	14525	498
498000	13504	495
499000	15462	498
500000	16590	268
501000	15462	492
502000	15462	493
503000	14420	495
504000	14420	497
505000	14420	273
506000	14525	497
507000	15462	493
508000	15462	492
509000	14420	498
510000	14525	497
511000	13462	272
512000	13504	496
513000	15462	495
514000	15462	491
515000	16590	269
516000	13483	491
517000	13483	495
518000	13504	492
519000	14525	277
520000	14525	493
521000	13462	491
522000	13504	494
523000	13462	499
524000	15462	274
525000	13397	493
526000	14420	497
527000	14525	497
528000	14420	489
529000	15462	501
530000	15462	492
531000	15569	274
532000	14420	495
533000	14525	493
534000	13462	496
535000	14525	270
536000	15462	723
537000	15462	269
538000	15527	489
539000	15569	493
540000	16590	272
541000	14525	492
542000	14525	497
543000	14420	488
544000	13504	273
545000	14525	490
546000	15462	503
547000	15462	492
548000	15462	491
549000	15548	272
550000	14525	493
551000	13483	501
552000	14525	493
553000	14420	490
554000	15462	498
555000	15462	272
556000	15462	491
557000	13397	491
558000	13504	496
559000	14525	274
560000	15462	498
561000	15569	488
562000	15462	492
563000	14525	278
564000	13462	495
565000	14525	492
566000	13483	488
567000	13462	276
568000	16485	494
569000	15462	493
570000	14525	493
571000	14420	494
572000	14525	273
573000	13483	496
574000	13483	499
575000	15462	494
576000	15462	494
577000	15462	268
578000	15462	492
579000	14525	497
580000	14525	499
581000	13462	496
582000	14420	496
583000	16590	491
584000	15462	277
585000	13397	492
586000	14525	495
587000	14525	500
588000	13483	499
589000	15462	495
590000	14441	496
591000	15548	270
592000	13504	493
593000	13462	498
594000	14525	493
595000	14525	268
596000	13504	492
597000	15569	498
598000	15569	492
599000	16590	493
600000	14525	277
601000	14525	497
602000	14525	491
603000	13504	492
604000	16590	499
605000	15462	495
606000	14525	274
607000	13504	494
608000	13483	489
609000	14525	495
610000	13483	497
611000	15548	497
612000	15462	269
613000	15462	493
614000	15462	267
615000	13397	493
616000	13397	488
617000	14420	492
618000	14525	499
619000	14525	271
620000	15462	502
621000	16590	493
622000	12355	495
623000	14420	490
624000	14525	273
625000	14525	496
626000	14525	492
627000	13462	492
628000	14525	498
629000	15462	271
630000	16485	495
631000	15462	490
632000	15462	268
633000	13397	492
634000	14420	492
635000	14420	499
636000	14420	500
637000	15462	495
638000	15462	272
639000	13504	492
640000	14525	495
641000	14525	493
642000	13483	496
643000	15462	503
644000	13483	271
645000	15462	493
646000	15527	488
647000	14525	272
648000	14420	278
649000	14525	494
650000	14525	486
651000	13462	272
652000	15462	721
653000	15462	269
654000	15462	493
655000	15462	492
656000	14525	275
657000	14525	493
658000	14525	495
659000	14525	492
660000	13462	270
661000	13504	500
662000	15462	494
663000	16590	489
664000	13397	496
665000	14525	499
666000	14525	497
667000	14420	274
668000	15462	496
669000	15462	492
670000	15462	492
671000	13397	492
672000	14420	273
673000	13504	491
674000	14525	496
675000	14525	490
676000	14525	502
677000	15462	274
678000	15462	493
679000	13397	494
680000	14525	494
681000	13462	496
682000	14420	501
683000	15462	274
684000	15462	493
685000	14525	492
686000	14525	496
687000	13504	498
688000	13462	271
689000	14420	497
690000	16485	496
691000	15462	495
692000	13397	492
693000	14420	270
694000	13462	497
695000	14420	503
696000	15462	494
697000	15462	492
698000	15462	493
699000	14525	492
700000	14525	274
701000	14525	496
702000	15462	501
703000	15462	491
704000	15462	492
705000	15569	267
706000	14420	496
707000	14525	492
708000	14525	496
709000	13504	498
710000	15462	273
711000	15462	493
712000	15462	494
713000	16485	488
714000	14525	500
715000	13504	500
716000	15548	276
717000	15462	494
718000	14420	498
719000	13483	497
720000	14525	493
721000	13462	496
722000	15462	495
723000	15462	273
724000	15548	490
725000	13397	496
726000	14525	498
727000	14525	270
728000	14525	492
729000	14420	498
730000	16590	491
731000	16590	492
732000	15462	272
733000	14420	494
734000	14525	495
735000	13462	498
736000	13462	499
737000	15462	492
738000	16485	274
739000	15462	491
740000	13504	497
741000	13462	496
742000	13483	495
743000	13483	498
744000	15462	274
745000	15462	492
746000	13397	492
747000	13504	496
748000	14525	497
749000	14525	503
750000	15462	493
751000	15462	268
752000	15462	492
753000	11418	492
754000	14420	498
755000	14525	274
756000	14420	491
757000	15462	502
758000	15462	493
759000	15462	491
760000	16590	271
761000	13504	495
762000	14525	494
763000	13462	494
764000	14420	495
765000	15462	275
766000	15527	489
767000	16590	492
768000	12355	497
769000	14525	499
770000	13462	505
771000	15462	271
772000	16590	493
773000	16485	493
774000	14525	495
775000	13504	496
776000	14420	502
777000	15462	493
778000	15462	272
779000	14420	496
780000	14525	494
781000	14525	494
782000	13462	495
783000	15462	500
784000	15462	272
785000	13397	496
786000	14420	493
787000	14525	498
788000	14420	499
789000	15462	499
790000	15462	269
791000	15462	492
792000	15462	491
793000	14525	491
794000	14525	276
795000	14525	496
796000	13483	503
797000	15462	490
798000	16485	494
799000	16590	490
800000	14420	277
801000	14525	500
802000	14420	496
803000	16590	499
804000	15462	491
805000	14420	496
806000	13483	498
807000	14525	493
808000	14525	269
809000	13462	500
810000	15462	490
811000	16590	488
812000	15548	273
813000	16590	488
814000	14525	497
815000	14525	495
816000	14525	270
817000	14525	490
818000	14420	489
819000	14441	499
820000	15462	269
821000	15462	491
822000	15462	492
823000	14525	274
824000	13462	494
825000	14525	493
826000	15462	506
827000	15548	489
828000	14525	493
829000	13483	274
830000	14525	500
831000	14525	487
832000	14420	498
833000	16590	496
834000	16485	493
835000	15462	270
836000	13504	494
837000	13462	500
838000	14420	494
839000	14420	495
840000	15462	497
841000	15462	273
842000	15527	490
843000	15462	492
844000	13292	492
845000	14525	271
846000	14525	493
847000	14525	494
848000	14525	497
849000	14420	495
850000	16485	277
851000	16590	491
852000	13397	496
853000	14525	495
854000	14525	494
855000	14525	274
856000	14525	492
857000	13483	496
858000	15462	494
859000	16590	493
860000	15569	271
861000	13504	497
862000	14525	498
863000	14420	496
864000	15462	498
865000	15462	491
866000	15462	273
867000	13462	490
868000	14525	496
869000	14525	493
870000	14420	494
871000	14420	269
872000	15462	500
873000	15462	491
874000	15462	493
875000	16590	270
876000	13397	492
877000	13462	495
878000	14420	493
879000	15462	506
880000	16590	495
881000	15462	272
882000	14525	494
883000	14525	494
884000	14525	496
885000	14525	490
886000	13462	272
887000	15462	497
888000	15462	492
889000	13462	494
890000	14525	502
891000	14525	490
892000	14420	499
893000	15462	276
894000	15462	489
895000	14525	497
896000	14525	497
897000	14525	503
898000	15462	492
899000	15462	273
900000	13504	491
901000	14525	492
902000	14525	493
903000	14420	496
904000	14525	271
905000	14525	489
906000	13504	498
907000	15462	492
908000	16590	275
909000	15462	490
910000	13397	493
911000	14525	269
912000	13483	494
913000	14525	496
914000	14420	498
915000	15462	499
916000	15569	492
917000	13397	273
918000	14525	497
919000	14525	497
920000	14420	500
921000	16590	493
922000	15462	494
923000	11439	491
924000	14525	500
925000	14525	272
926000	14420	492
927000	15548	500
928000	15462	491
929000	13483	494
930000	14525	272
931000	13462	496
932000	13462	493
933000	14420	494
934000	14525	497
935000	16590	273
936000	15462	491
937000	14525	495
938000	14525	496
939000	14525	493
940000	14420	500
941000	15548	275
942000	15462	491
943000	15462	493
944000	14420	495
945000	14525	493
946000	14525	273
947000	14525	492
948000	14525	491
949000	13462	272
950000	15462	498
951000	16590	487
952000	15462	491
953000	13397	497
954000	14525	278
955000	14525	498
956000	14420	496
957000	15462	496
958000	15462	492
959000	15462	491
960000	14420	278
961000	14525	495
962000	13462	493
963000	14420	496
964000	15569	498
965000	13483	495
966000	14525	497
967000	14525	276
968000	13462	499
969000	15462	496
970000	15462	492
971000	15462	491
972000	14420	498
973000	14525	274
974000	14525	493
975000	13462	492
976000	13504	497
977000	15462	494
978000	15462	273
979000	15462	492
980000	13504	499
981000	14525	495
982000	14525	493
983000	14420	499
984000	15462	271
985000	16485	493
986000	16485	493
987000	14525	497
988000	14525	497
989000	14525	492
990000	13462	278
991000	16485	495
992000	15462	491
993000	15527	490
994000	11397	274
995000	13462	494
996000	14420	495
997000	13483	503
998000	15462	491
999000	15462	492
1000000	15462	273
1001000	14525	493
1002000	14525	495
1003000	14525	499
1004000	14420	490
1005000	16590	499
1006000	16590	272
1007000	15462	491
1008000	14525	493
1009000	14525	495
1010000	13462	499
1011000	15462	502
1012000	15527	273
1013000	11418	494
1014000	14525	499
1015000	14420	494
1016000	13483	491
1017000	13504	497
1018000	15462	276
1019000	15462	493
1020000	15462	492
1021000	15462	488
1022000	14420	277
1023000	14525	491
1024000	13483	498
1025000	15357	504
1026000	15462	488
1027000	16485	496
1028000	15527	272
1029000	14420	498
1030000	14525	495
1031000	14525	490
1032000	14525	491
1033000	15462	505
1034000	16590	494
1035000	15462	272
1036000	14525	491
1037000	13504	496
1038000	13483	496
1039000	14525	272
1040000	15462	725
1041000	15462	272
1042000	15462	489
1043000	13397	502
1044000	14525	495
1045000	14525	496
1046000	14525	490
1047000	13483	277
1048000	15462	494
1049000	16485	495
1050000	16590	490
1051000	14525	275
1052000	14525	492
1053000	14420	500
1054000	15462	502
1055000	15462	491
1056000	15462	486
1057000	15462	272
1058000	14525	492
1059000	14525	499
1060000	14420	495
1061000	15462	500
1062000	15462	491
1063000	15527	273
1064000	14525	493
1065000	13462	497
1066000	14525	495
1067000	13504	499
1068000	15462	496
1069000	15462	269
1070000	15462	491
1071000	14525	492
1072000	14525	493
1073000	13462	277
1074000	13462	500
1075000	15462	491
1076000	15462	494
1077000	14420	497
1078000	14525	492
1079000	14525	497
1080000	15462	501
1081000	15462	275
1082000	13462	491
1083000	16485	491
1084000	13483	493
1085000	13462	275
1086000	13483	496
1087000	13483	499
1088000	15462	494
1089000	16590	495
1090000	16590	492
1091000	14525	497
1092000	13504	278
1093000	13504	497
1094000	16590	502
1095000	16590	493
1096000	15462	494
1097000	12376	492
1098000	14525	496
1099000	14525	498
1100000	13483	278
1101000	14420	487
1102000	15462	498
1103000	15462	495
1104000	15462	492
1105000	13462	275
1106000	13483	497
1107000	14525	498
1108000	14420	501
1109000	15462	492
1110000	15462	492
1111000	13397	273
1112000	14420	494
1113000	14525	493
1114000	14525	493
1115000	14525	501
1116000	15462	493
1117000	16590	273
1118000	14420	499
1119000	14525	494
1120000	14525	499
1121000	14420	495
1122000	15462	501
1123000	15462	492
1124000	11397	495
1125000	14525	271
1126000	14525	496
1127000	14525	494
1128000	14525	491
1129000	15462	502
1130000	15462	272
1131000	15462	489
1132000	15462	493
1133000	14525	500
1134000	14525	498
1135000	13483	491
1136000	14420	274
1137000	15357	498
1138000	15569	493
1139000	16590	490
1140000	14525	493
1141000	14525	275
1142000	14525	494
1143000	14525	493
1144000	14525	500
1145000	16590	490
1146000	15462	276
1147000	13462	494
1148000	13504	496
1149000	13462	493
1150000	13462	497
1151000	14525	501
1152000	16485	490
1153000	15462	271
1154000	16485	497
1155000	14525	493
1156000	14525	495
1157000	14420	496
1158000	14525	272
1159000	14525	494
1160000	15462	493
1161000	15462	491
1162000	15462	273
1163000	13397	492
1164000	14525	494
1165000	13462	495
1166000	13483	270
1167000	14525	491
1168000	13504	500
1169000	15462	494
1170000	14525	496
1171000	13504	495
1172000	14525	496
1173000	14525	271
1174000	14525	501
1175000	16590	491
1176000	11439	494
1177000	13483	491
1178000	13462	274
1179000	14525	496
1180000	13483	502
1181000	16485	493
1182000	15548	494
1183000	13462	497
1184000	14525	498
1185000	14420	498
1186000	15462	497
1187000	15462	273
1188000	13397	493
1189000	13483	490
1190000	14525	500
1191000	14525	273
1192000	13462	494
1193000	15462	497
1194000	15462	492
1195000	15462	491
1196000	14420	274
1197000	14525	497
1198000	14525	492
1199000	14525	490
1200000	14420	495
1201000	15462	277
1202000	16590	489
1203000	15462	493
1204000	16485	494
1205000	14525	275
1206000	14525	494
1207000	14525	497
1208000	14525	493
1209000	14420	496
1210000	16590	495
1211000	16590	272
1212000	11418	496
1213000	13483	491
1214000	14525	495
1215000	13504	495
1216000	14525	274
1217000	15462	502
1218000	15462	492
1219000	15462	491
1220000	12376	491
1221000	14525	275
1222000	14525	495
1223000	14525	497
1224000	15462	496
1225000	15462	492
1226000	15462	492
1227000	14525	278
1228000	14525	491
1229000	14420	491
1230000	14420	497
1231000	15462	500
1232000	13483	493
1233000	16590	271
1234000	15462	490
1235000	14420	495
1236000	14525	491
1237000	13462	278
1238000	14525	491
1239000	14525	499
1240000	15462	489
1241000	16485	270
1242000	15462	495
1243000	16590	488
1244000	13483	496
1245000	14525	498
1246000	14420	273
1247000	16590	722
1248000	16590	272
1249000	16485	492
1250000	14525	492
1251000	13504	272
1252000	14525	493
1253000	13483	501
1254000	15462	496
1255000	16590	492
1256000	15462	489
1257000	16485	270
1258000	14525	510
1259000	14525	495
1260000	13483	489
1261000	15462	498
1262000	15462	493
1263000	15462	273
1264000	14525	494
1265000	14525	494
1266000	14525	493
1267000	14525	493
1268000	14525	501
1269000	15462	269
1270000	15462	491
1271000	15462	495
1272000	13397	494
1273000	14525	276
1274000	14525	492
1275000	14420	498
1276000	15462	496
1277000	15462	492
1278000	15548	271
1279000	15462	490
1280000	13397	492
1281000	13483	268
1282000	13462	496
1283000	14525	500
1284000	13462	492
1285000	15462	499
1286000	15462	492
1287000	15462	272
1288000	14420	497
1289000	14420	497
1290000	14525	493
1291000	15462	504
1292000	13504	491
1293000	15462	493
1294000	14525	273
1295000	14525	495
1296000	14420	495
1297000	14420	502
1298000	16590	490
1299000	16590	271
1300000	15527	492
1301000	14420	492
1302000	13462	502
1303000	14420	499
1304000	15527	499
1305000	15569	489
1306000	13397	278
1307000	14525	496
1308000	14525	495
1309000	14525	492
1310000	13483	500
1311000	16485	494
1312000	15569	272
1313000	13504	490
1314000	15569	493
1315000	13483	492
1316000	14525	275
1317000	14525	497
1318000	14525	489
1319000	14525	500
1320000	15527	491
1321000	16590	272
1322000	16590	493
1323000	14525	498
1324000	14525	492
1325000	14525	496
1326000	13483	498
1327000	16590	271
1328000	15462	491
1329000	15462	494
1330000	13504	492
1331000	14525	274
1332000	13504	489
1333000	14420	493
1334000	14420	497
1335000	15462	496
1336000	15462	273
1337000	15462	492
1338000	13397	494
1339000	14525	497
1340000	14525	496
1341000	13483	501
1342000	15462	493
1343000	15462	268
1344000	16590	491
1345000	14525	492
1346000	14525	275
1347000	14525	493
1348000	14420	497
1349000	15462	497
1350000	15569	492
1351000	16590	493
1352000	13483	278
1353000	14525	498
1354000	14420	490
1355000	13483	499
1356000	15462	494
1357000	15462	492
1358000	13462	275
1359000	14525	499
1360000	14525	502
1361000	13483	493
1362000	16590	500
1363000	15462	496
1364000	16590	491
1365000	14525	494
1366000	13462	273
1367000	14525	498
1368000	13483	492
1369000	13483	497
1370000	15462	494
1371000	15462	494
1372000	16590	271
1373000	15462	490
1374000	13397	493
1375000	13504	495
1376000	14525	278
1377000	13504	497
1378000	15462	495
1379000	15462	488
1380000	15462	493
1381000	14420	275
1382000	14525	492
1383000	14525	495
1384000	13483	493
1385000	15462	498
1386000	15462	272
1387000	15462	492
1388000	15569	490
1389000	14525	497
1390000	13483	269
1391000	13483	500
1392000	14525	499
1393000	15462	494
1394000	15462	494
1395000	13397	495
1396000	13483	496
1397000	14525	276
1398000	13504	490
1399000	15462	499
1400000	15462	492
1401000	15462	491
1402000	14420	276
1403000	14525	492
1404000	14525	495
1405000	13504	492
1406000	15462	502
1407000	16590	269
1408000	15569	493
1409000	16590	491
1410000	14525	492
1411000	14525	495
1412000	14525	277
1413000	13483	494
1414000	15462	501
1415000	16485	492
1416000	15462	492
1417000	13483	272
1418000	13504	495
1419000	13504	495
1420000	14525	492
1421000	13462	499
1422000	15462	270
1423000	15462	493
1424000	16485	491
1425000	16590	489
1426000	13483	277
1427000	14525	494
1428000	14525	496
1429000	13483	502
1430000	16590	490
1431000	15569	493
1432000	15462	272
1433000	14525	494
1434000	14420	496
1435000	14525	496
1436000	14525	489
1437000	15462	502
1438000	13462	271
1439000	16590	489
1440000	13504	493
1441000	14420	496
1442000	13483	499
1443000	15462	503
1444000	15462	494
1445000	15462	273
1446000	14525	493
1447000	14525	495
1448000	13462	496
1449000	14420	498
1450000	15462	273
1451000	15462	493
1452000	15462	495
1453000	13397	492
1454000	14525	494
1455000	14525	496
1456000	14420	502
1457000	15462	277
1458000	15462	493
1459000	16590	488
1460000	14525	496
1461000	14525	496
1462000	14525	273
1463000	14420	490
1464000	14420	496
1465000	15569	496
1466000	16485	493
1467000	16485	273
1468000	14420	493
1469000	13462	494
1470000	14525	495
1471000	14420	496
1472000	15462	278
1473000	15462	496
1474000	16590	493
1475000	14420	494
1476000	14420	494
1477000	14525	493
1478000	14525	272
1479000	14420	497
1480000	15462	496
1481000	15462	492
1482000	15462	272
1483000	15569	491
1484000	14525	497
1485000	13504	494
1486000	14525	493
1487000	14420	274
1488000	14420	491
1489000	15462	494
1490000	15462	492
1491000	16485	271
1492000	14525	495
1493000	13483	494
1494000	14525	501
1495000	14420	491
1496000	15462	496
1497000	15462	273
1498000	15462	492
1499000	13397	493
1500000	14525	496
1501000	14525	496
1502000	14525	272
1503000	13483	495
1504000	15462	496
1505000	15462	492
1506000	15462	492
1507000	14525	274
1508000	14525	492
1509000	14525	492
1510000	14525	494
1511000	14420	276
1512000	15462	496
1513000	14441	491
1514000	15569	490
1515000	14525	495
1516000	14525	275
1517000	14525	499
1518000	13483	493
1519000	15462	499
1520000	15462	492
1521000	15462	492
1522000	13483	277
1523000	13462	494
1524000	14525	491
1525000	14420	497
1526000	14525	496
1527000	15462	496
1528000	15462	273
1529000	16590	491
1530000	14420	498
1531000	14420	499
1532000	13504	504
1533000	15462	494
1534000	11418	494
1535000	13483	500
1536000	14525	501
1537000	13504	492
1538000	15462	499
1539000	15462	272
1540000	15462	492
1541000	15527	487
1542000	14525	276
1543000	14420	497
1544000	14420	497
1545000	15462	497
1546000	15462	492
1547000	15527	490
1548000	14420	274
1549000	13483	498
1550000	14525	501
1551000	13462	494
1552000	15462	496
1553000	15569	492
1554000	15462	495
1555000	14525	276
1556000	14525	499
1557000	14525	493
1558000	14525	493
1559000	13462	492
1560000	15548	496
1561000	15527	274
1562000	15527	490
1563000	14525	500
1564000	14525	497
1565000	13483	492
1566000	13504	272
1567000	16485	498
1568000	15462	494
1569000	16485	492
1570000	14525	500
1571000	14525	493
1572000	13483	498
1573000	15462	497
1574000	15462	273
1575000	15462	492
1576000	14525	494
1577000	14525	496
1578000	13462	273
1579000	14525	495
1580000	13483	491
1581000	14525	498
1582000	15462	493
1583000	15462	272
1584000	14525	498
1585000	13483	500
1586000	15462	499
1587000	15462	491
1588000	15548	489
1589000	13462	275
1590000	14525	496
1591000	14525	499
1592000	13462	491
1593000	15462	499
1594000	16590	489
1595000	15462	270
1596000	14525	492
1597000	13504	495
1598000	13504	496
1599000	14525	271
1600000	15462	724
1601000	15462	273
1602000	13462	491
1603000	15462	488
1604000	14525	274
1605000	13483	499
1606000	13483	493
1607000	13462	499
1608000	15462	498
1609000	15462	489
1610000	16590	493
1611000	13462	274
1612000	14525	492
1613000	13504	499
1614000	13483	494
1615000	14525	270
1616000	14420	498
1617000	16590	494
1618000	15462	492
1619000	15462	491
1620000	14420	499
1621000	13483	496
1622000	14420	500
1623000	13504	279
1624000	15462	492
1625000	15527	490
1626000	16590	493
1627000	15462	273
1628000	14525	494
1629000	13504	496
1630000	14525	499
1631000	14525	491
1632000	14525	498
1633000	15462	497
1634000	15462	270
1635000	15569	496
1636000	14525	496
1637000	14420	490
1638000	14420	497
1639000	14525	269
1640000	14525	496
1641000	13462	493
1642000	16590	498
1643000	16590	492
1644000	13483	276
1645000	14525	493
1646000	14525	491
1647000	13504	500
1648000	13483	497
1649000	16590	497
1650000	15462	272
1651000	15462	493
1652000	14525	498
1653000	14420	494
1654000	14525	494
1655000	13483	496
1656000	15462	276
1657000	15462	495
1658000	15462	492
1659000	16485	491
1660000	14525	493
1661000	14525	276
1662000	14525	501
1663000	13504	488
1664000	13504	502
1665000	15462	495
1666000	13462	495
1667000	14525	496
1668000	14525	275
1669000	14420	501
1670000	15462	719
1671000	15462	273
1672000	15527	491
1673000	13483	492
1674000	14420	273
1675000	14525	495
1676000	14525	500
1677000	13504	497
1678000	16590	497
1679000	16590	493
1680000	15462	491
1681000	14525	275
1682000	14420	493
1683000	14525	492
1684000	14525	500
1685000	13504	498
1686000	14525	499
1687000	16590	269
1688000	15527	494
1689000	14525	495
1690000	14525	493
1691000	13483	493
1692000	14525	496
1693000	15462	503
1694000	13504	271
1695000	15548	490
1696000	14525	493
1697000	14525	500
1698000	14525	492
1699000	14525	268
1700000	14525	497
1701000	13462	495
1702000	15462	495
1703000	16590	267
1704000	16590	493
1705000	16590	491
1706000	14420	497
1707000	14420	497
1708000	13504	277
1709000	16590	498
1710000	15462	495
1711000	13462	491
1712000	14420	495
1713000	13483	496
1714000	14525	499
1715000	14420	498
1716000	15462	277
1717000	15462	493
1718000	14420	491
1719000	14525	496
1720000	13483	498
1721000	14420	274
1722000	14420	498
1723000	15462	494
1724000	15462	499
1725000	15462	492
1726000	13504	495
1727000	14525	494
1728000	14525	496
1729000	13504	278
1730000	15462	494
1731000	16590	492
1732000	11418	495
1733000	14525	497
1734000	14525	273
1735000	13504	721
1736000	15462	276
1737000	16590	489
1738000	15462	500
1739000	12376	492
1740000	14420	493
1741000	14525	498
1742000	14525	272
1743000	14420	494
1744000	15462	497
1745000	15462	492
1746000	15462	272
1747000	14420	496
1748000	14525	497
1749000	13504	493
1750000	14525	492
1751000	13504	501
1752000	15462	499
1753000	15462	273
1754000	16590	487
1755000	13462	495
1756000	14525	492
1757000	14525	497
1758000	14420	272
1759000	14525	501
1760000	15548	490
1761000	16485	494
1762000	16485	495
1763000	14525	493
1764000	14525	277
1765000	14525	496
1766000	15462	504
1767000	15527	489
1768000	16590	495
1769000	14525	493
1770000	13504	497
1771000	15462	508
1772000	15462	491
1773000	15569	275
1774000	13397	493
1775000	14420	491
1776000	14525	502
1777000	13483	497
1778000	16590	501
1779000	15462	492
1780000	15462	274
1781000	13483	495
1782000	14525	496
1783000	13504	493
1784000	13504	491
1785000	15462	500
1786000	15462	274
1787000	15462	493
1788000	13397	493
1789000	13483	493
1790000	13462	497
1791000	13483	502
1792000	15462	497
1793000	15462	272
1794000	15462	491
1795000	13483	491
1796000	14525	270
1797000	13462	498
1798000	13483	495
1799000	14525	492
1800000	15462	506
1801000	15462	492
1802000	16590	494
1803000	14525	273
1804000	14525	500
1805000	13462	490
1806000	14525	493
1807000	13504	492
1808000	15462	499
1809000	16590	272
1810000	15527	492
1811000	15462	492
1812000	14525	494
1813000	14420	274
1814000	13483	502
1815000	14420	500
1816000	16590	496
1817000	16590	493
1818000	16590	491
1819000	13483	492
1820000	13462	274
1821000	13483	500
1822000	13462	493
1823000	15462	500
1824000	15462	492
1825000	15462	492
1826000	13504	275
1827000	14525	501
1828000	15462	728
1829000	15462	272
1830000	11397	495
1831000	14525	496
1832000	14525	489
1833000	14525	494
1834000	14420	277
1835000	15462	497
1836000	15462	491
1837000	15462	494
1838000	13397	499
1839000	13504	496
1840000	14525	495
1841000	14525	274
1842000	15462	504
1843000	13462	491
1844000	15462	495
1845000	13504	494
1846000	13504	495
1847000	14525	495
1848000	14525	268
1849000	13483	498
1850000	15569	491
1851000	16590	273
1852000	15548	496
1853000	13483	495
1854000	14525	497
1855000	14525	491
1856000	14420	502
1857000	14441	493
1858000	16590	270
1859000	15462	493
1860000	14420	493
1861000	14525	491
1862000	13483	498
1863000	15462	503
1864000	15462	494
1865000	13483	277
1866000	13483	498
1867000	14525	495
1868000	14420	496
1869000	15462	497
1870000	15462	492
1871000	16590	270
1872000	15462	491
1873000	14420	499
1874000	13504	498
1875000	14525	494
1876000	15357	511
1877000	16590	489
1878000	15462	272
1879000	16485	494
1880000	14525	495
1881000	14525	495
1882000	13483	497
1883000	15462	501
1884000	15462	492
1885000	15548	274
1886000	14525	498
1887000	14420	498
1888000	15462	501
1889000	15569	488
1890000	15462	496
1891000	15462	493
1892000	14525	498
1893000	14525	274
1894000	14525	494
1895000	13462	496
1896000	15462	498
1897000	14441	500
1898000	14525	494
1899000	14420	497
1900000	14525	276
1901000	14420	720
1902000	15462	279
1903000	15462	492
1904000	14525	498
1905000	13462	494
1906000	14525	499
1907000	13462	495
1908000	14420	269
1909000	15569	498
1910000	15462	497
1911000	16590	488
1912000	14420	496
1913000	13462	502
1914000	13504	497
1915000	15462	498
1916000	15462	273
1917000	16485	490
1918000	13483	492
1919000	13483	493
1920000	14525	498
1921000	14420	498
1922000	16590	275
1923000	15462	492
1924000	14420	492
1925000	14420	494
1926000	14420	499
1927000	14525	275
1928000	14420	502
1929000	15462	497
1930000	15462	492
1931000	15462	491
1932000	16590	489
1933000	14525	276
1934000	14420	499
1935000	13483	501
1936000	15462	493
1937000	14420	493
1938000	15548	490
1939000	14525	497
1940000	14525	280
1941000	14525	492
1942000	13483	505
1943000	15462	492
1944000	16590	494
1945000	15569	493
1946000	14525	500
1947000	14525	497
1948000	15462	504
1949000	16590	270
1950000	15357	497
1951000	11418	495
1952000	14525	490
1953000	14525	499
1954000	13462	493
1955000	15462	499
1956000	15462	268
1957000	16590	492
1958000	15527	495
1959000	14525	271
1960000	14525	493
1961000	14525	496
1962000	14525	496
1963000	14420	496
1964000	16590	496
1965000	15462	495
1966000	16590	270
1967000	14525	496
1968000	14525	499
1969000	13483	500
1970000	16485	499
1971000	15462	489
1972000	15569	269
1973000	13397	496
1974000	14525	492
1975000	13483	490
1976000	14420	278
1977000	13504	497
1978000	15462	493
1979000	15462	500
1980000	16485	491
1981000	15462	488
1982000	14525	274
1983000	14525	492
1984000	14420	749
1985000	14420	507
1986000	14525	497
1987000	16590	490
1988000	16485	500
1989000	13397	494
1990000	14525	269
1991000	14525	492
1992000	13462	491
1993000	14420	496
1994000	15462	503
1995000	15462	273
1996000	15462	493
1997000	14525	498
1998000	14525	499
1999000	14525	490
2000000	14420	494
2001000	15462	277
2002000	15462	490
2003000	15462	488
2004000	15462	272
2005000	16590	489
2006000	14420	494
2007000	13483	497
2008000	13483	494
2009000	15462	504
2010000	15462	273
2011000	15462	491
2012000	13397	493
2013000	13462	493
2014000	14525	500
2015000	14420	272
2016000	15462	501
2017000	16590	492
2018000	14420	495
2019000	14525	493
2020000	14525	489
2021000	14525	274
2022000	14420	493
2023000	15462	497
2024000	15462	492
2025000	14525	493
2026000	14525	278
2027000	13462	492
2028000	14525	490
2029000	14525	270
2030000	13504	498
2031000	15462	495
2032000	13397	495
2033000	14525	493
2034000	14525	501
2035000	15462	503
2036000	15462	492
2037000	14525	497
2038000	14525	276
2039000	14525	497
2040000	14525	494
2041000	15462	503
2042000	16590	493
2043000	14525	498
2044000	14525	499
2045000	14525	493
2046000	13462	273
2047000	15462	279
2048000	11397	496
2049000	13462	498
2050000	14525	499
2051000	15462	501
2052000	15462	491
2053000	16590	489
2054000	14420	276
2055000	14525	498
2056000	14420	496
2057000	15462	499
2058000	15462	491
2059000	15462	492
2060000	14525	276
2061000	14525	500
2062000	13504	495
2063000	15462	499
2064000	15462	496
2065000	15462	492
2066000	16485	493
2067000	14525	497
2068000	14525	277
2069000	14420	725
2070000	13483	276
2071000	15462	489
2072000	16590	492
2073000	13397	491
2074000	14525	276
2075000	14525	493
2076000	14525	494
2077000	13483	498
2078000	15462	492
2079000	16590	272
2080000	16590	492
2081000	13462	492
2082000	14525	492
2083000	14420	497
2084000	14525	272
2085000	15462	499
2086000	15462	493
2087000	15462	492
2088000	13504	273
2089000	14525	495
2090000	14420	496
2091000	14525	493
2092000	13483	497
2093000	16590	496
2094000	16485	494
2095000	15569	270
2096000	14420	496
2097000	14525	492
2098000	14525	493
2099000	14525	273
2100000	13462	500
2101000	16590	492
2102000	15462	491
2103000	16590	495
2104000	14525	279
2105000	13483	496
2106000	14420	497
2107000	15527	497
2108000	16485	493
2109000	16590	492
2110000	13483	498
2111000	13462	500
2112000	15462	498
2113000	15462	268
2114000	16485	490
2115000	15462	492
2116000	13397	274
2117000	14420	491
2118000	13483	495
2119000	14420	497
2120000	13462	500
2121000	15462	495
2122000	15462	268
2123000	15462	491
2124000	14525	498
2125000	14525	495
2126000	14420	499
2127000	15462	495
2128000	15462	273
2129000	16590	492
2130000	14525	499
2131000	14525	496
2132000	14420	497
2133000	16590	497
2134000	15462	272
2135000	15462	492
2136000	14525	493
2137000	13483	495
2138000	14525	494
2139000	13504	501
2140000	15462	274
2141000	16590	493
2142000	14525	497
2143000	14525	496
2144000	13504	502
2145000	16590	498
2146000	16590	491
2147000	16590	273
2148000	14525	494
2149000	14525	495
2150000	14525	493
2151000	13462	494
2152000	15462	500
2153000	15462	275
2154000	15462	492
2155000	13397	493
2156000	14525	496
2157000	14525	497
2158000	15462	501
2159000	15462	273
2160000	15462	495
2161000	13462	497
2162000	14420	492
2163000	13483	495
2164000	14525	271
2165000	13462	492
2166000	15462	498
2167000	15462	491
2168000	16590	494
2169000	13462	498
2170000	14420	277
2171000	14525	492
2172000	14525	489
2173000	13504	497
2174000	15569	498
2175000	15462	273
2176000	15462	491
2177000	13504	491
2178000	14525	496
2179000	14525	275
2180000	14525	495
2181000	14420	501
2182000	15462	493
2183000	16590	494
2184000	14525	491
2185000	14525	273
2186000	13504	492
2187000	14525	493
2188000	14420	495
2189000	15462	496
2190000	15548	271
2191000	15548	491
2192000	16485	492
2193000	14420	497
2194000	14525	272
2195000	14525	500
2196000	14525	489
2197000	14525	502
2198000	15462	491
2199000	15462	492
2200000	15462	273
2201000	15569	489
2202000	13504	493
2203000	14525	497
2204000	14420	500
2205000	15462	278
2206000	15462	492
2207000	15462	492
2208000	13397	493
2209000	14525	497
2210000	14525	275
2211000	15462	725
2212000	15462	498
2213000	15527	271
2214000	14525	495
2215000	14525	494
2216000	13462	493
2217000	14525	274
2218000	15462	722
2219000	16590	270
2220000	15462	491
2221000	15548	493
2222000	13483	497
2223000	14525	499
2224000	14420	277
2225000	15462	495
2226000	15462	492
2227000	15462	492
2228000	14525	493
2229000	14525	276
2230000	13462	496
2231000	14525	490
2232000	15462	502
2233000	15462	493
2234000	13483	497
2235000	14525	275
2236000	14525	496
2237000	14420	500
2238000	15357	494
2239000	15462	492
2240000	14525	494
2241000	13462	497
2242000	13462	273
2243000	14525	492
2244000	14420	499
2245000	16590	494
2246000	15462	490
2247000	15462	272
2248000	14525	495
2249000	14525	494
2250000	13483	491
2251000	13462	273
2252000	13462	501
2253000	15462	497
2254000	15462	492
2255000	12355	492
2256000	14525	270
2257000	13462	721
2258000	14420	277
2259000	15462	495
2260000	16590	497
2261000	16485	494
2262000	14525	494
2263000	14525	493
2264000	13504	275
2265000	14525	493
2266000	13462	499
2267000	15462	493
2268000	16590	490
2269000	14525	497
2270000	14525	277
2271000	14525	494
2272000	15462	502
2273000	15462	491
2274000	15462	492
2275000	13397	274
2276000	14420	489
2277000	14525	499
2278000	14420	494
2279000	14420	504
2280000	15462	493
2281000	14525	492
2282000	13462	268
2283000	14525	494
2284000	14525	496
2285000	14525	498
2286000	16590	497
2287000	15527	272
2288000	16590	491
2289000	13483	493
2290000	14525	493
2291000	14525	275
2292000	14420	492
2293000	13483	498
2294000	15462	496
2295000	15462	492
2296000	15462	274
2297000	13397	494
2298000	13462	493
2299000	14525	496
2300000	13462	498
2301000	15462	493
2302000	15462	273
2303000	11397	498
2304000	14525	495
2305000	14420	497
2306000	14420	500
2307000	15462	496
2308000	15462	494
2309000	15462	273
2310000	12355	493
2311000	14420	491
2312000	14525	495
2313000	14420	498
2314000	16590	499
2315000	15462	273
2316000	16590	493
2317000	14525	492
2318000	13504	499
2319000	14420	494
2320000	15462	499
2321000	15462	273
2322000	15462	492
2323000	16590	489
2324000	14525	495
2325000	14525	498
2326000	14525	276
2327000	13504	496
2328000	15462	495
2329000	16590	491
2330000	16590	493
2331000	14525	273
2332000	14525	492
2333000	14525	495
2334000	14525	489
2335000	13483	499
2336000	16590	277
2337000	15462	489
2338000	16590	491
2339000	11418	493
2340000	14525	275
2341000	14525	491
2342000	14525	490
2343000	14420	497
2344000	15569	493
2345000	14420	272
2346000	15462	493
2347000	14525	493
2348000	14420	496
2349000	13504	494
2350000	14420	278
2351000	14525	498
2352000	15462	488
2353000	15462	491
2354000	16590	269
2355000	15462	491
2356000	13462	491
2357000	14525	498
2358000	14420	498
2359000	15462	498
2360000	16590	273
2361000	15462	491
2362000	14420	495
2363000	14525	499
2364000	15462	507
2365000	15462	494
2366000	16590	490
2367000	15462	273
2368000	13504	497
2369000	14525	499
2370000	14525	492
2371000	14525	504
2372000	15462	491
2373000	15548	490
2374000	15462	275
2375000	13292	493
2376000	14420	498
2377000	13504	500
2378000	15462	499
2379000	15462	491
2380000	15462	272
2381000	13397	494
2382000	14525	496
2383000	13462	491
2384000	14420	494
2385000	15462	500
2386000	15462	273
2387000	16590	489
2388000	15462	490
2389000	14525	273
2390000	14420	490
2391000	14525	495
2392000	14525	492
2393000	14420	276
2394000	15462	498
2395000	15462	492
2396000	16485	491
2397000	15569	490
2398000	14525	277
2399000	14525	491
2400000	14420	498
2401000	13483	494
2402000	15462	495
2403000	15462	493
2404000	13397	277
2405000	13483	490
2406000	14525	500
2407000	13504	494
2408000	15462	498
2409000	15462	493
2410000	16485	271
2411000	13397	495
2412000	14525	495
2413000	14525	499
2414000	13504	488
2415000	14525	501
2416000	16590	271
2417000	16590	493
2418000	16590	498
2419000	14525	499
2420000	14525	500
2421000	14420	494
2422000	16590	499
2423000	15462	272
2424000	13292	497
2425000	14420	491
2426000	14525	499
2427000	14420	494
2428000	15462	499
2429000	15462	491
2430000	16590	275
2431000	14525	498
2432000	13462	494
2433000	14525	497
2434000	14525	486
2435000	13504	274
2436000	16485	498
2437000	15462	495
2438000	16485	489
2439000	14525	271
2440000	14525	493
2441000	13483	499
2442000	14420	500
2443000	15462	491
2444000	15462	494
2445000	13504	269
2446000	13397	494
2447000	13462	493
2448000	14525	497
2449000	14420	493
2450000	13483	277
2451000	15462	501
2452000	15462	491
2453000	16590	495
2454000	14525	498
2455000	13504	492
2456000	14420	492
2457000	13504	275
2458000	15462	498
2459000	15462	493
2460000	16590	492
2461000	13504	497
2462000	14525	496
2463000	13483	275
2464000	14525	498
2465000	14420	494
2466000	15569	489
2467000	15527	268
2468000	15462	490
2469000	16590	494
2470000	14420	494
2471000	14420	496
2472000	14525	277
2473000	14525	489
2474000	13504	502
2475000	15462	493
2476000	16590	490
2477000	16485	273
2478000	14420	493
2479000	14525	494
2480000	13483	496
2481000	15462	501
2482000	15548	495
2483000	15462	270
2484000	14525	492
2485000	14525	493
2486000	13462	493
2487000	14420	497
2488000	15462	501
2489000	15462	274
2490000	15527	490
2491000	16590	490
2492000	13504	497
2493000	14525	495
2494000	14525	272
2495000	13504	494
2496000	13483	492
2497000	15462	271
2498000	15548	492
2499000	15527	494
2500000	14525	491
2501000	14525	275
2502000	13462	497
2503000	13483	492
2504000	15462	498
2505000	15462	491
2506000	15462	493
2507000	13397	273
2508000	14525	498
2509000	14525	494
2510000	14420	501
2511000	15462	494
2512000	15569	494
2513000	11397	274
2514000	14525	722
2515000	13483	273
2516000	15462	502
2517000	16590	493
2518000	15462	490
2519000	13397	493
2520000	13462	275
2521000	13462	722
2522000	15462	276
2523000	15462	491
2524000	14420	494
2525000	14525	496
2526000	14525	273
2527000	13462	494
2528000	15462	497
2529000	15462	491
2530000	15527	490
2531000	14525	278
2532000	14525	495
2533000	14525	492
2534000	14420	494
2535000	13504	495
2536000	14525	273
2537000	16590	490
2538000	15462	498
2539000	13462	490
2540000	14525	496
2541000	14525	276
2542000	14420	724
2543000	15462	276
2544000	16590	494
2545000	14420	495
2546000	14525	495
2547000	14420	501
2548000	15527	498
2549000	15462	494
2550000	15462	268
2551000	13397	491
2552000	14525	494
2553000	14420	495
2554000	14525	271
2555000	14420	490
2556000	14420	499
2557000	16590	491
2558000	15462	274
2559000	14525	276
2560000	13504	495
2561000	13504	496
2562000	14420	497
2563000	15462	495
2564000	16590	273
2565000	13397	495
2566000	14525	491
2567000	14525	497
2568000	15462	502
2569000	15527	490
2570000	15462	495
2571000	16590	271
2572000	13504	498
2573000	14525	490
2574000	14420	493
2575000	14525	271
2576000	13504	493
2577000	14441	496
2578000	16590	492
2579000	16590	272
2580000	15462	491
2581000	14525	493
2582000	14525	496
2583000	13504	494
2584000	14525	272
2585000	14525	501
2586000	16590	490
2587000	16590	491
2588000	13483	494
2589000	13504	271
2590000	14525	497
2591000	14525	493
2592000	14525	492
2593000	15462	498
2594000	16590	276
2595000	16590	492
2596000	14420	497
2597000	14525	500
2598000	14420	495
2599000	15462	497
2600000	16485	490
2601000	15462	270
2602000	15462	491
2603000	15548	488
2604000	14420	276
2605000	14420	494
2606000	14525	493
2607000	14420	490
2608000	15462	502
2609000	15527	271
2610000	16485	493
2611000	13397	496
2612000	13483	493
2613000	14525	498
2614000	14420	496
2615000	15462	501
2616000	15462	272
2617000	16590	493
2618000	13483	497
2619000	13504	491
2620000	14525	497
2621000	13483	275
2622000	14420	489
2623000	13504	496
2624000	15462	489
2625000	13462	495
2626000	14420	500
2627000	14525	272
2628000	14420	493
2629000	15462	500
2630000	15357	494
2631000	15462	491
2632000	13397	273
2633000	14525	493
2634000	13504	494
2635000	14420	497
2636000	15462	497
2637000	15462	269
2638000	15548	497
2639000	14420	498
2640000	14420	504
2641000	16590	498
2642000	15462	494
2643000	13292	493
2644000	14420	272
2645000	14525	493
2646000	14420	492
2647000	14525	503
2648000	16590	489
2649000	15462	272
2650000	15462	492
2651000	14525	494
2652000	13462	492
2653000	14525	496
2654000	14525	272
2655000	15462	503
2656000	15462	492
2657000	15462	492
2658000	14420	497
2659000	14525	494
2660000	14420	497
2661000	15462	501
2662000	16590	268
2663000	16590	492
2664000	14420	494
2665000	14525	498
2666000	13504	499
2667000	15462	499
2668000	15527	271
2669000	16485	492
2670000	15462	490
2671000	15462	268
2672000	14525	494
2673000	14525	495
2674000	14525	499
2675000	15462	504
2676000	15462	494
2677000	14525	495
2678000	13462	497
2679000	14525	276
2680000	14420	500
2681000	15527	492
2682000	14441	497
2683000	15569	492
2684000	13462	496
2685000	14525	495
2686000	13462	271
2687000	13483	503
2688000	15462	496
2689000	16590	487
2690000	15462	272
2691000	15462	492
2692000	13483	498
2693000	14525	494
2694000	14525	491
2695000	13504	271
2696000	14420	497
2697000	13462	492
2698000	16590	491
2699000	15462	272
2700000	14525	493
2701000	14525	494
2702000	14420	501
2703000	13462	495
2704000	15462	498
2705000	15462	492
2706000	15462	275
2707000	12355	492
2708000	14525	494
2709000	13462	496
2710000	14420	498
2711000	16485	500
2712000	16590	274
2713000	15462	490
2714000	15548	489
2715000	14420	495
2716000	14525	496
2717000	13462	273
2718000	13462	500
2719000	15462	493
2720000	16590	489
2721000	15462	496
2722000	11397	272
2723000	14525	496
2724000	14525	495
2725000	14420	500
2726000	15462	494
2727000	15462	492
2728000	15462	269
2729000	16590	493
2730000	14525	496
2731000	13462	494
2732000	14420	275
2733000	15462	498
2734000	16485	492
2735000	15462	495
2736000	16590	489
2737000	13483	277
2738000	14525	496
2739000	13462	496
2740000	15462	498
2741000	15462	493
2742000	16590	495
2743000	13397	495
2744000	14420	273
2745000	14525	500
2746000	14525	490
2747000	13504	499
2748000	15462	493
2749000	15569	493
2750000	15462	270
2751000	14525	496
2752000	13504	492
2753000	14525	495
2754000	13504	496
2755000	15462	500
2756000	15462	273
2757000	15462	492
2758000	14420	494
2759000	14525	498
2760000	13462	271
2761000	14525	494
2762000	13504	500
2763000	15462	493
2764000	15462	492
2765000	16590	268
2766000	15462	491
2767000	14525	493
2768000	14420	499
2769000	14525	494
2770000	15462	501
2771000	16485	269
2772000	15462	491
2773000	15462	492
2774000	14420	496
2775000	14525	501
2776000	14420	497
2777000	15462	279
2778000	15569	492
2779000	15462	490
2780000	15462	493
2781000	14525	274
2782000	14525	499
2783000	14525	495
2784000	15462	502
2785000	15462	494
2786000	15462	496
2787000	13462	495
2788000	14525	492
2789000	13462	503
2790000	15462	496
2791000	15462	273
2792000	14525	493
2793000	13483	497
2794000	13504	495
2795000	14420	500
2796000	16485	494
2797000	15462	273
2798000	15462	490
2799000	14420	494
2800000	13462	493
2801000	14525	275
2802000	13462	496
2803000	15462	496
2804000	15357	496
2805000	16485	490
2806000	14420	499
2807000	13504	504
2808000	16590	493
2809000	15462	271
2810000	15462	492
2811000	15462	488
2812000	14525	273
2813000	14420	498
2814000	14525	499
2815000	14420	494
2816000	16590	498
2817000	15462	495
2818000	14525	492
2819000	13483	496
2820000	14525	279
2821000	15462	722
2822000	15569	268
2823000	15462	493
2824000	14525	494
2825000	14420	501
2826000	13504	273
2827000	13483	723
2828000	16485	275
2829000	15462	489
2830000	15462	492
2831000	14525	492
2832000	14525	275
2833000	13504	494
2834000	14420	499
2835000	16590	495
2836000	15462	490
2837000	16590	273
2838000	14525	498
2839000	14525	499
2840000	13462	493
2841000	15462	501
2842000	15462	492
2843000	16590	494
2844000	14525	272
2845000	14525	498
2846000	14525	494
2847000	14525	490
2848000	14420	496
2849000	15462	275
2850000	16485	490
2851000	15462	492
2852000	13504	496
2853000	13504	496
2854000	14525	497
2855000	15462	503
2856000	16590	273
2857000	13397	496
2858000	14525	499
2859000	14420	501
2860000	16485	495
2861000	16590	489
2862000	15462	272
2863000	15548	490
2864000	14420	494
2865000	14525	506
2866000	14525	494
2867000	14420	501
2868000	15462	493
2869000	15462	272
2870000	14420	496
2871000	14525	493
2872000	13504	497
2873000	14525	492
2874000	15462	501
2875000	15462	269
2876000	15462	492
2877000	15462	492
2878000	13292	492
2879000	13483	496
2880000	14525	275
2881000	14525	490
2882000	13483	498
2883000	13462	492
2884000	15462	269
2885000	14525	495
2886000	14525	494
2887000	14525	496
2888000	14525	491
2889000	14420	502
2890000	15462	272
2891000	15462	495
2892000	15548	491
2893000	14420	493
2894000	13504	496
2895000	13504	276
2896000	15462	502
2897000	16590	488
2898000	16485	493
2899000	14525	494
2900000	14525	498
2901000	14525	276
2902000	14420	497
2903000	15462	495
2904000	15569	491
2905000	15527	492
2906000	14525	498
2907000	13462	275
2908000	14525	493
2909000	14420	496
2910000	15462	493
2911000	15462	491
2912000	16590	275
2913000	13504	497
2914000	13462	496
2915000	13483	490
2916000	14525	497
2917000	15462	497
2918000	16590	273
2919000	15462	491
2920000	14525	493
2921000	14525	493
2922000	13483	498
2923000	15462	507
2924000	15462	268
2925000	15462	494
2926000	15462	491
2927000	14420	498
2928000	13504	497
2929000	13504	495
2930000	13462	499
2931000	15462	275
2932000	15462	489
2933000	15569	490
2934000	14525	494
2935000	14525	274
2936000	14525	497
2937000	14420	498
2938000	16590	498
2939000	15462	492
2940000	15462	492
2941000	13483	273
2942000	14525	498
2943000	13504	500
2944000	15569	498
2945000	16485	491
2946000	16590	490
2947000	14420	275
2948000	14525	498
2949000	14525	493
2950000	15462	503
2951000	15548	488
2952000	15548	494
2953000	14525	497
2954000	14420	276
2955000	14525	494
2956000	14420	496
2957000	15462	494
2958000	15462	491
2959000	15462	272
2960000	13397	492
2961000	14525	495
2962000	14525	498
2963000	15462	502
2964000	15569	490
2965000	15462	273
2966000	16590	492
2967000	13504	493
2968000	13462	493
2969000	14525	277
2970000	14525	491
2971000	14525	486
2972000	13504	496
2973000	16590	278
2974000	15462	491
2975000	15462	493
2976000	13504	494
2977000	14525	494
2978000	14420	503
2979000	15462	498
2980000	15548	271
2981000	15548	493
2982000	13397	496
2983000	14525	500
2984000	14525	494
2985000	13483	273
2986000	15357	498
2987000	15548	488
2988000	16590	493
2989000	15548	271
2990000	14525	498
2991000	14525	491
2992000	14420	490
2993000	14420	497
2994000	14420	496
2995000	15527	273
2996000	15462	496
2997000	13462	490
2998000	13483	494
2999000	14525	494
3000000	14525	272
3001000	14525	490
3002000	14420	500
3003000	16485	493
3004000	15462	274
3005000	11418	490
3006000	13504	494
3007000	14525	495
3008000	14525	494
3009000	14420	276
3010000	15462	497
3011000	16590	488
3012000	15462	490
3013000	13397	274
3014000	14525	490
3015000	14525	500
3016000	14420	499
3017000	16590	500
3018000	15548	493
3019000	15462	491
3020000	13397	273
3021000	14525	493
3022000	13483	501
3023000	14525	491
3024000	14420	271
3025000	13462	496
3026000	16485	494
3027000	15462	491
3028000	15462	490
3029000	16590	269
3030000	14525	492
3031000	14525	501
3032000	14420	502
3033000	15462	497
3034000	15462	491
3035000	15462	268
3036000	15462	494
3037000	13397	497
3038000	13462	495
3039000	14525	497
3040000	13462	272
3041000	15462	498
3042000	16590	492
3043000	13397	495
3044000	14525	497
3045000	14420	498
3046000	14420	272
3047000	14441	497
3048000	13483	491
3049000	15462	493
3050000	14525	493
3051000	14525	276
3052000	14525	496
3053000	14420	494
3054000	13462	495
3055000	15462	494
3056000	16590	270
3057000	15462	491
3058000	15462	493
3059000	14525	492
3060000	14525	499
3061000	14420	273
3062000	13483	497
3063000	16485	497
3064000	15462	495
3065000	13397	491
3066000	14525	273
3067000	14525	495
3068000	14525	494
3069000	14420	497
3070000	15462	493
3071000	15462	496
3072000	13397	274
3073000	14525	493
3074000	14525	495
3075000	14525	492
3076000	14420	495
3077000	15462	277
3078000	15462	492
3079000	15462	492
3080000	13483	493
3081000	14525	494
3082000	14525	275
3083000	14420	497
3084000	15462	494
3085000	15462	492
3086000	15462	492
3087000	13483	275
3088000	13462	492
3089000	14525	498
3090000	14420	497
3091000	15569	496
3092000	16485	493
3093000	16590	272
3094000	14525	498
3095000	14525	496
3096000	14420	487
3097000	14420	275
3098000	15462	495
3099000	15462	493
3100000	16590	492
3101000	14525	496
3102000	14525	273
3103000	14525	497
3104000	14420	495
3105000	15462	493
3106000	15569	492
3107000	16590	273
3108000	14420	495
3109000	14525	498
3110000	14420	499
3111000	16485	498
3112000	15527	494
3113000	11439	495
3114000	13483	499
3115000	13504	498
3116000	15462	501
3117000	15462	272
3118000	15462	493
3119000	15462	489
3120000	13462	499
3121000	13483	268
3122000	14525	500
3123000	15462	502
3124000	15462	492
3125000	16590	494
3126000	14525	497
3127000	13462	496
3128000	13483	492
3129000	15462	279
3130000	16590	493
3131000	13504	496
3132000	14420	497
3133000	13504	489
3134000	14525	274
3135000	13483	491
3136000	15462	498
3137000	16590	491
3138000	15548	494
3139000	14525	275
3140000	14525	494
3141000	13483	498
3142000	14525	489
3143000	13504	494
3144000	15548	497
3145000	15462	274
3146000	13397	493
3147000	14525	494
3148000	14525	495
3149000	14420	495
3150000	15462	500
3151000	15462	272
3152000	15462	491
3153000	14420	495
3154000	14420	499
3155000	14420	504
3156000	15462	491
3157000	16590	274
3158000	16485	495
3159000	14420	492
3160000	13504	500
3161000	14420	503
3162000	16590	491
3163000	15462	493
3164000	15462	273
3165000	14420	497
3166000	14525	497
3167000	14525	493
3168000	13462	497
3169000	15548	494
3170000	15569	275
3171000	16485	492
3172000	14420	494
3173000	13483	495
3174000	14525	497
3175000	14525	269
3176000	13483	496
3177000	15462	494
3178000	15569	489
3179000	15462	274
3180000	16485	490
3181000	14525	491
3182000	14525	499
3183000	14525	495
3184000	14420	270
3185000	15462	502
3186000	15462	491
3187000	15462	491
3188000	15548	268
3189000	13504	498
3190000	14525	500
3191000	13504	491
3192000	14525	500
3193000	16485	491
3194000	15548	494
3195000	14525	500
3196000	14525	277
3197000	14525	490
3198000	14525	488
3199000	15462	504
3200000	15569	492
3201000	15462	272
3202000	15462	488
3203000	14525	493
3204000	13483	275
3205000	13462	273
3206000	13462	492
3207000	14525	503
3208000	15462	495
3209000	15462	492
3210000	13397	274
3211000	14525	493
3212000	13483	495
3213000	14525	493
3214000	14420	498
3215000	16485	498
3216000	15462	270
3217000	15569	490
3218000	15462	488
3219000	14420	276
3220000	14525	491
3221000	14525	495
3222000	13504	489
3223000	14525	274
3224000	13483	498
3225000	15462	497
3226000	16485	491
3227000	15462	489
3228000	16590	271
3229000	14525	491
3230000	14525	497
3231000	14525	499
3232000	13483	493
3233000	16590	498
3234000	16590	272
3235000	13504	490
3236000	13397	494
3237000	14525	495
3238000	14525	496
3239000	13462	273
3240000	13504	498
3241000	16590	490
3242000	15462	492
3243000	16590	269
3244000	13397	495
3245000	13483	490
3246000	13462	496
3247000	14525	272
3248000	14525	491
3249000	15357	501
3250000	15462	489
3251000	16590	270
3252000	16485	492
3253000	15462	488
3254000	14420	493
3255000	14525	498
3256000	13462	269
3257000	14525	487
3258000	14420	499
3259000	16485	498
3260000	16590	273
3261000	13397	498
3262000	13483	497
3263000	13483	495
3264000	15462	497
3265000	16590	492
3266000	14525	499
3267000	14525	498
3268000	13462	274
3269000	13462	493
3270000	13504	498
3271000	15462	495
3272000	15462	491
3273000	15569	495
3274000	14525	274
3275000	14525	491
3276000	13462	498
3277000	13504	500
3278000	15462	492
3279000	16590	274
3280000	15462	492
3281000	13397	493
3282000	14525	498
3283000	14525	493
3284000	13462	500
3285000	15569	273
3286000	15462	493
3287000	15462	493
3288000	13397	493
3289000	13462	504
3290000	14420	497
3291000	15527	495
3292000	15462	272
3293000	15548	490
3294000	13483	493
3295000	14420	272
3296000	14525	498
3297000	14420	494
3298000	14420	493
3299000	13483	490
3300000	15462	496
3301000	15462	274
3302000	15462	492
3303000	13397	494
3304000	14525	493
3305000	13504	274
3306000	14525	492
3307000	13504	493
3308000	16590	498
3309000	15462	491
3310000	15462	274
3311000	13397	492
3312000	14525	491
3313000	13462	499
3314000	13483	497
3315000	16590	499
3316000	15462	273
3317000	13483	493
3318000	14525	497
3319000	14525	496
3320000	15462	504
3321000	15462	492
3322000	16590	488
3323000	15462	271
3324000	14420	493
3325000	14420	499
3326000	14525	490
3327000	14525	501
3328000	15462	273
3329000	15462	492
3330000	13397	492
3331000	14525	488
3332000	13504	276
3333000	13483	492
3334000	14525	499
3335000	15462	508
3336000	15462	724
3337000	15462	512
3338000	16485	492
3339000	14420	275
3340000	14525	495
3341000	14525	496
3342000	13504	493
3343000	15462	499
3344000	16485	489
3345000	15462	274
3346000	14525	491
3347000	14525	497
3348000	14525	496
3349000	14420	503
3350000	15462	494
3351000	16590	272
3352000	15462	491
3353000	14525	494
3354000	14525	497
3355000	14525	499
3356000	13504	491
3357000	15462	279
3358000	16590	489
3359000	15462	493
3360000	16590	270
3361000	13504	495
3362000	14525	494
3363000	13462	496
3364000	13483	501
3365000	15462	494
3366000	15462	492
3367000	13397	273
3368000	14525	494
3369000	14525	497
3370000	14525	489
3371000	15462	498
3372000	15462	272
3373000	16485	494
3374000	14525	500
3375000	14525	492
3376000	13483	498
3377000	15462	491
3378000	16485	273
3379000	16590	492
3380000	13483	494
3381000	14420	495
3382000	14525	495
3383000	13504	274
3384000	15462	500
3385000	16590	492
3386000	16590	492
3387000	15462	272
3388000	14420	497
3389000	14525	501
3390000	14525	494
3391000	15462	505
3392000	16485	490
3393000	16590	491
3394000	13483	496
3395000	13504	276
3396000	14525	491
3397000	14525	492
3398000	14420	493
3399000	13504	273
3400000	16485	493
3401000	15462	491
3402000	15462	493
3403000	16485	271
3404000	14525	490
3405000	14420	500
3406000	14420	501
3407000	15462	492
3408000	16485	270
3409000	13462	497
3410000	14525	494
3411000	14525	490
3412000	14441	500
3413000	16590	490
3414000	15462	272
3415000	15462	492
3416000	14525	493
3417000	13483	496
3418000	14525	497
3419000	13462	274
3420000	15462	500
3421000	15569	493
3422000	13483	493
3423000	14420	490
3424000	14525	278
3425000	13462	499
3426000	15462	498
3427000	15462	493
3428000	14525	492
3429000	14525	496
3430000	14525	496
3431000	14420	496
3432000	15462	276
3433000	15462	493
3434000	15462	493
3435000	14525	493
3436000	13462	273
3437000	13462	495
3438000	13504	492
3439000	15462	501
3440000	16590	492
3441000	15462	493
3442000	13397	272
3443000	14525	494
3444000	13504	494
3445000	14525	492
3446000	13462	276
3447000	15462	496
3448000	15462	491
3449000	15462	493
3450000	11418	491
3451000	13483	272
3452000	13483	494
3453000	14420	501
3454000	16485	496
3455000	15527	492
3456000	16485	273
3457000	14420	493
3458000	13462	495
3459000	14525	494
3460000	15462	499
3461000	15569	493
3462000	15462	272
3463000	14525	494
3464000	13483	496
3465000	13462	496
3466000	15462	502
3467000	16590	491
3468000	15462	272
3469000	13397	492
3470000	14525	497
3471000	14525	501
3472000	13504	501
3473000	15462	494
3474000	15462	491
3475000	14420	276
3476000	14525	491
3477000	13483	491
3478000	13483	494
3479000	14420	276
3480000	16485	499
3481000	15527	496
3482000	15462	491
3483000	13462	494
3484000	14525	497
3485000	14420	273
3486000	13462	723
3487000	16590	271
3488000	16590	494
3489000	11418	494
3490000	14525	499
3491000	13462	496
3492000	15462	505
3493000	15462	492
3494000	15462	272
3495000	14420	498
3496000	14525	492
3497000	13504	495
3498000	14525	491
3499000	13483	277
3500000	16590	497
3501000	15462	491
3502000	15462	492
3503000	14525	493
3504000	14525	275
3505000	14525	494
3506000	14420	490
3507000	14420	490
3508000	15462	501
3509000	15548	271
3510000	15462	489
3511000	15548	491
3512000	14525	278
3513000	14525	276
3514000	14525	494
3515000	14525	488
3516000	13483	501
3517000	15462	492
3518000	15462	273
3519000	14525	493
3520000	14525	498
3521000	14525	495
3522000	14525	491
3523000	14525	269
3524000	14525	500
3525000	16590	492
3526000	15462	494
3527000	15462	268
3528000	14420	495
3529000	13462	497
3530000	14420	493
3531000	13504	497
3532000	15462	275
3533000	15462	492
3534000	14525	493
3535000	13504	497
3536000	14525	495
3537000	14525	273
3538000	14420	488
3539000	14420	498
3540000	15462	490
3541000	15462	273
3542000	15527	496
3543000	14525	492
3544000	14525	498
3545000	14525	497
3546000	13462	491
3547000	15462	499
3548000	15462	275
3549000	15462	488
3550000	16590	489
3551000	15569	272
3552000	14525	493
3553000	14525	492
3554000	14525	495
3555000	13462	497
3556000	15462	502
3557000	16485	270
3558000	15548	492
3559000	15462	489
3560000	13504	500
3561000	14525	501
3562000	14441	500
3563000	15569	269
3564000	15548	491
3565000	15462	490
3566000	11439	490
3567000	14420	273
3568000	14525	501
3569000	14525	491
3570000	14525	487
3571000	13483	499
3572000	16590	272
3573000	16590	490
3574000	16485	493
3575000	14525	495
3576000	14525	278
3577000	14525	493
3578000	13504	490
3579000	15462	500
3580000	13504	490
3581000	16590	271
3582000	16590	491
3583000	14525	493
3584000	13462	499
3585000	14525	273
3586000	14525	490
3587000	14420	494
3588000	15462	496
3589000	16485	271
3590000	16590	492
3591000	16590	492
3592000	14525	493
3593000	14525	496
3594000	14525	276
3595000	13462	496
3596000	15462	498
3597000	15462	493
3598000	16590	489
3599000	13504	274
3600000	14525	496
3601000	14525	499
3602000	14525	491
3603000	15462	501
3604000	15462	490
3605000	16590	273
3606000	14420	495
3607000	14420	499
3608000	14525	497
3609000	14420	495
3610000	16590	496
3611000	15462	490
3612000	16590	273
3613000	14420	499
3614000	14525	497
3615000	14525	490
3616000	13483	494
3617000	14420	273
3618000	15462	495
3619000	16590	489
3620000	14420	493
3621000	14525	500
3622000	14525	272
3623000	13462	495
3624000	15548	496
3625000	15462	491
3626000	15462	490
3627000	14525	274
3628000	14525	497
3629000	14525	492
3630000	14525	490
3631000	14525	268
3632000	15462	503
3633000	15462	492
3634000	15462	492
3635000	14525	493
3636000	14525	273
3637000	14525	491
3638000	14420	495
3639000	15462	498
3640000	15462	272
3641000	15462	492
3642000	14525	496
3643000	14525	495
3644000	14420	498
3645000	15462	496
3646000	16485	270
3647000	15462	490
3648000	15462	493
3649000	13397	491
3650000	14525	276
3651000	14525	498
3652000	14525	491
3653000	13483	490
3654000	15462	500
3655000	15462	495
3656000	15462	273
3657000	14525	493
3658000	13483	500
3659000	14525	495
3660000	14420	496
3661000	15462	496
3662000	15462	494
3663000	15462	273
3664000	13483	497
3665000	13462	497
3666000	14525	493
3667000	13483	497
3668000	16590	494
3669000	15462	272
3670000	15462	490
3671000	13462	491
3672000	14420	497
3673000	13504	276
3674000	14420	500
3675000	15462	491
3676000	16590	491
3677000	13397	495
3678000	14525	274
3679000	14525	496
3680000	13504	496
3681000	16590	499
3682000	15462	491
3683000	15462	492
3684000	14525	274
3685000	14525	497
3686000	13504	495
3687000	14420	496
3688000	15462	495
3689000	15548	489
3690000	15462	271
3691000	15462	492
3692000	15462	487
3693000	16590	271
3694000	14420	495
3695000	14525	492
3696000	13483	494
3697000	14420	275
3698000	14420	496
3699000	15569	490
3700000	15462	491
3701000	15462	273
3702000	13397	493
3703000	14420	490
3704000	14525	489
3705000	13504	274
3706000	14525	493
3707000	13462	500
3708000	16590	492
3709000	15462	496
3710000	15527	497
3711000	14525	276
3712000	13462	498
3713000	14420	496
3714000	15462	498
3715000	15462	492
3716000	16590	493
3717000	14525	498
3718000	14525	500
3719000	13483	271
3720000	15462	502
3721000	15462	492
3722000	16590	492
3723000	14525	492
3724000	14420	497
3725000	14525	275
3726000	13504	503
3727000	15462	496
3728000	15462	493
3729000	13397	494
3730000	14525	500
3731000	14525	498
3732000	14525	502
3733000	15462	491
3734000	15462	273
3735000	15462	493
3736000	14420	495
3737000	14525	491
3738000	14420	498
3739000	14420	274
3740000	15462	500
3741000	15462	494
3742000	15462	493
3743000	14420	497
3744000	13504	495
3745000	14420	497
3746000	15462	501
3747000	16590	274
3748000	13397	496
3749000	14525	500
3750000	14525	492
3751000	14525	494
3752000	14420	498
3753000	15462	495
3754000	15462	273
3755000	15462	492
3756000	12376	493
3757000	13462	497
3758000	14525	500
3759000	14420	502
3760000	16590	270
3761000	16590	493
3762000	15462	492
3763000	14525	493
3764000	14525	273
3765000	14525	494
3766000	13462	496
3767000	15462	500
3768000	16590	492
3769000	14525	496
3770000	14420	270
3771000	14525	495
3772000	14525	492
3773000	14525	489
3774000	14525	500
3775000	15462	269
3776000	15462	492
3777000	15462	493
3778000	14525	494
3779000	14525	274
3780000	13483	499
3781000	14420	497
3782000	15462	492
3783000	13483	493
3784000	15462	495
3785000	15462	267
3786000	14420	495
3787000	14525	494
3788000	14525	494
3789000	13504	272
3790000	15462	502
3791000	15462	495
3792000	14420	496
3793000	14525	492
3794000	14525	497
3795000	13483	496
3796000	15462	497
3797000	13397	274
3798000	14525	490
3799000	13504	497
3800000	14525	497
3801000	13483	500
3802000	16590	493
3803000	16590	273
3804000	13397	491
3805000	14420	490
3806000	14525	496
3807000	14525	270
3808000	14525	494
3809000	14525	502
3810000	15462	489
3811000	16590	268
3812000	16590	495
3813000	14525	494
3814000	13483	497
3815000	13483	493
3816000	13504	274
3817000	13483	492
3818000	15462	499
3819000	16485	489
3820000	15462	267
3821000	15462	497
3822000	16590	489
3823000	14420	496
3824000	14525	494
3825000	13483	274
3826000	14525	494
3827000	15462	504
3828000	15462	491
3829000	15462	492
3830000	15527	269
3831000	14525	497
3832000	14525	493
3833000	14525	495
3834000	13483	491
3835000	14525	502
3836000	15462	270
3837000	15462	494
3838000	15462	492
3839000	15569	489
3840000	14420	276
3841000	13462	497
3842000	14420	498
3843000	15462	498
3844000	15462	492
3845000	16590	494
3846000	13462	503
3847000	15462	502
3848000	15462	268
3849000	15462	492
3850000	15462	493
3851000	14420	497
3852000	14525	492
3853000	14525	274
3854000	14525	495
3855000	14420	494
3856000	15548	498
3857000	15548	492
3858000	13504	273
3859000	13462	491
3860000	14525	499
3861000	13483	505
3862000	15548	496
3863000	15462	496
3864000	15548	489
3865000	14525	498
3866000	14525	500
3867000	13504	268
3868000	13462	493
3869000	15462	498
3870000	15462	494
3871000	15462	272
3872000	14420	498
3873000	13504	503
3874000	14420	491
3875000	15357	500
3876000	15462	492
3877000	15462	491
3878000	14525	275
3879000	14525	490
3880000	13462	493
3881000	14525	499
3882000	13462	493
3883000	15462	500
3884000	15462	272
3885000	15462	492
3886000	11397	492
3887000	14525	489
3888000	13483	274
3889000	14525	500
3890000	13483	492
3891000	15462	497
3892000	15462	488
3893000	15462	272
3894000	15462	494
3895000	14525	494
3896000	14525	499
3897000	13462	493
3898000	14525	272
3899000	15462	502
3900000	16590	489
3901000	13504	491
3902000	15462	269
3903000	14525	494
3904000	14525	494
3905000	14525	496
3906000	14525	492
3907000	14420	499
3908000	15462	272
3909000	15462	491
3910000	15462	486
3911000	15462	271
3912000	14525	492
3913000	13483	500
3914000	14420	501
3915000	15462	495
3916000	15462	492
3917000	14525	497
3918000	14525	275
3919000	14525	494
3920000	14525	503
3921000	15462	492
3922000	16590	492
3923000	14420	494
3924000	14525	277
3925000	14525	495
3926000	15462	502
3927000	15462	494
3928000	15462	492
3929000	14525	493
3930000	14525	497
3931000	14525	272
3932000	13483	492
3933000	15462	502
3934000	16485	490
3935000	15462	493
3936000	12376	272
3937000	13504	496
3938000	13504	496
3939000	14420	493
3940000	13504	495
3941000	15462	498
3942000	15462	271
3943000	15548	490
3944000	14420	493
3945000	14420	493
3946000	14525	499
3947000	15462	503
3948000	13462	273
3949000	15462	491
3950000	16485	495
3951000	14525	495
3952000	14525	499
3953000	14525	270
3954000	15462	724
3955000	15462	273
3956000	15462	491
3957000	13504	497
3958000	14525	500
3959000	14525	493
3960000	14420	499
3961000	15462	497
3962000	15462	275
3963000	13397	493
3964000	14525	493
3965000	14525	490
3966000	14525	277
3967000	13483	488
3968000	13504	492
3969000	15462	496
3970000	15462	272
3971000	14525	495
3972000	14525	499
3973000	13462	496
3974000	15462	500
3975000	15462	490
3976000	15462	491
3977000	14525	273
3978000	14525	496
3979000	14525	497
3980000	13504	494
3981000	15548	500
3982000	16590	490
3983000	15462	272
3984000	14525	493
3985000	13504	496
3986000	13462	495
3987000	14525	271
3988000	14420	496
3989000	16590	493
3990000	15527	492
3991000	16590	268
3992000	15569	492
3993000	13504	497
3994000	14420	495
3995000	14420	499
3996000	16590	497
3997000	16590	493
3998000	16485	275
3999000	13462	495
4000000	13462	500
4001000	14420	493
4002000	14420	498
4003000	16590	491
4004000	16590	273
4005000	15462	495
4006000	16485	491
4007000	14525	492
4008000	13462	493
4009000	14525	279
4010000	14420	499
4011000	16590	494
4012000	16485	493
4013000	15462	488
4014000	14525	274
4015000	14525	496
4016000	13462	494
4017000	14420	490
4018000	15462	502
4019000	15462	269
4020000	15462	490
4021000	15462	493
4022000	13504	493
4023000	14525	495
4024000	14525	274
4025000	15462	499
4026000	15462	492
4027000	15462	492
4028000	14525	491
4029000	14420	275
4030000	14525	499
4031000	15462	503
4032000	15462	491
4033000	15462	493
4034000	14420	499
4035000	14525	495
4036000	14420	274
4037000	13483	498
4038000	16590	495
4039000	15462	494
4040000	16590	490
4041000	14525	498
4042000	14525	271
4043000	13504	502
4044000	15462	498
4045000	15462	488
4046000	16590	490
4047000	15462	272
4048000	14420	492
4049000	13483	494
4050000	14525	495
4051000	14525	496
4052000	13483	277
4053000	15462	494
4054000	15462	493
4055000	14525	494
4056000	14525	492
4057000	14525	274
4058000	14525	494
4059000	14420	490
4060000	15462	500
4061000	15462	492
4062000	15462	272
4063000	14525	494
4064000	14525	493
4065000	14525	495
4066000	14525	494
4067000	15462	503
4068000	15462	492
4069000	15462	273
4070000	13397	492
4071000	14525	495
4072000	13483	498
4073000	15462	502
4074000	13504	490
4075000	15462	273
4076000	14420	500
4077000	14525	492
4078000	13483	498
4079000	15548	498
4080000	15462	495
4081000	16590	268
4082000	14525	498
4083000	13504	494
4084000	14525	495
4085000	13483	500
4086000	15527	493
4087000	15462	271
4088000	15462	492
4089000	15569	489
4090000	13462	502
4091000	13504	491
4092000	13462	274
4093000	14420	491
4094000	14525	499
4095000	15462	494
4096000	16590	269
4097000	14525	498
4098000	14420	497
4099000	14420	493
4100000	14420	496
4101000	16590	492
4102000	16590	273
4103000	12376	492
4104000	14420	490
4105000	13462	494
4106000	14525	274
4107000	14525	491
4108000	13483	496
4109000	15462	493
4110000	15462	493
4111000	13504	277
4112000	14525	494
4113000	14420	497
4114000	15462	499
4115000	16590	493
4116000	15462	490
4117000	13504	271
4118000	13483	497
4119000	14525	493
4120000	14420	499
4121000	16485	501
4122000	15462	492
4123000	14525	493
4124000	13504	276
4125000	13462	494
4126000	14420	503
4127000	15462	493
4128000	15548	487
4129000	16590	274
4130000	13397	497
4131000	14525	494
4132000	14420	494
4133000	13504	500
4134000	15462	496
4135000	15462	493
4136000	16590	274
4137000	13462	498
4138000	13483	498
4139000	14525	491
4140000	15462	502
4141000	15462	491
4142000	15569	270
4143000	13397	494
4144000	14420	491
4145000	13504	496
4146000	14525	273
4147000	14420	492
4148000	15462	503
4149000	15462	492
4150000	16590	494
4151000	14525	493
4152000	14525	277
4153000	13504	495
4154000	14420	498
4155000	15462	491
4156000	15462	493
4157000	15569	493
4158000	13483	270
4159000	13483	491
4160000	14525	494
4161000	13504	272
4162000	13462	497
4163000	14420	498
4164000	16590	496
4165000	15462	497
4166000	16485	490
4167000	14525	273
4168000	14420	495
4169000	14525	493
4170000	13483	496
4171000	15462	497
4172000	15462	491
4173000	15462	272
4174000	14420	495
4175000	14525	491
4176000	13504	496
4177000	14420	499
4178000	15462	495
4179000	16590	272
4180000	15569	492
4181000	14525	498
4182000	13462	498
4183000	13462	495
4184000	15462	500
4185000	15462	273
4186000	14525	494
4187000	14525	500
4188000	14420	498
4189000	16590	494
4190000	15527	497
4191000	16485	490
4192000	14420	273
4193000	14525	501
4194000	14525	494
4195000	14420	500
4196000	15462	493
4197000	15462	487
4198000	15462	274
4199000	16590	489
4200000	14525	497
4201000	13483	489
4202000	14525	275
4203000	13483	494
4204000	16485	500
4205000	16590	494
4206000	13483	497
4207000	14525	492
4208000	14525	275
4209000	14525	491
4210000	13483	488
4211000	14525	499
4212000	15462	494
4213000	15548	272
4214000	16485	490
4215000	13462	499
4216000	14525	496
4217000	14420	491
4218000	15462	278
4219000	15462	488
4220000	15462	490
4221000	16485	271
4222000	13462	492
4223000	14525	496
4224000	14525	492
4225000	13504	494
4226000	14525	279
4227000	15462	492
4228000	16485	494
4229000	11418	495
4230000	13504	499
4231000	14525	496
4232000	14420	496
4233000	15462	273
4234000	15462	493
4235000	13462	496
4236000	14525	498
4237000	14525	494
4238000	14525	494
4239000	14525	271
4240000	15462	499
4241000	15462	493
4242000	13397	492
4243000	14525	493
4244000	14420	277
4245000	14420	499
4246000	15462	495
4247000	15462	493
4248000	15462	492
4249000	13504	272
4250000	13483	495
4251000	14420	496
4252000	14525	487
4253000	14420	500
4254000	15569	496
4255000	15569	274
4256000	16590	495
4257000	13504	495
4258000	14420	495
4259000	14525	495
4260000	16590	500
4261000	16485	274
4262000	16590	491
4263000	13504	498
4264000	14525	495
4265000	14525	492
4266000	14420	272
4267000	15462	499
4268000	15462	491
4269000	15527	496
4270000	13462	498
4271000	14525	495
4272000	14525	268
4273000	15462	501
4274000	15462	490
4275000	15462	486
4276000	15462	273
4277000	14525	496
4278000	14525	493
4279000	13483	495
4280000	14420	501
4281000	16590	493
4282000	15462	272
4283000	15462	493
4284000	12355	492
4285000	14420	499
4286000	13462	491
4287000	13483	501
4288000	15462	276
4289000	15462	493
4290000	16590	488
4291000	15462	272
4292000	14525	492
4293000	14525	494
4294000	14420	497
4295000	13462	494
4296000	15462	496
4297000	14420	272
4298000	16485	487
4299000	13462	492
4300000	14525	494
4301000	14525	276
4302000	14525	496
4303000	15462	502
4304000	15569	490
4305000	13504	495
4306000	15569	490
4307000	14525	277
4308000	14525	500
4309000	13483	492
4310000	15462	496
4311000	15462	491
4312000	15462	272
4313000	14525	494
4314000	14525	494
4315000	13504	497
4316000	14525	489
4317000	14525	501
4318000	15462	273
4319000	15462	490
4320000	15527	488
4321000	14525	272
4322000	14525	492
4323000	14525	499
4324000	14420	495
4325000	15462	494
4326000	15462	493
4327000	15462	272
4328000	13462	491
4329000	13483	502
4330000	14525	503
4331000	14525	498
4332000	15462	510
4333000	15462	492
4334000	16485	493
4335000	14525	492
4336000	14525	495
4337000	14420	271
4338000	13462	497
4339000	16485	502
4340000	15462	493
4341000	14525	493
4342000	14420	498
4343000	14525	496
4344000	15462	503
4345000	15462	273
4346000	15462	490
4347000	14420	496
4348000	14420	499
4349000	14525	492
4350000	13483	500
4351000	16590	271
4352000	15462	491
4353000	15462	491
4354000	13397	273
4355000	14525	494
4356000	13504	490
4357000	14420	498
4358000	15462	503
4359000	15462	492
4360000	16590	268
4361000	15462	493
4362000	15548	492
4363000	13483	501
4364000	14525	500
4365000	13483	270
4366000	15462	499
4367000	15462	496
4368000	14525	496
4369000	14525	491
4370000	14525	495
4371000	14420	495
4372000	15462	495
4373000	15462	272
4374000	15548	489
4375000	15462	492
4376000	15548	269
4377000	13483	495
4378000	14525	498
4379000	13483	493
4380000	15462	501
4381000	14441	491
4382000	15462	269
4383000	15462	492
4384000	13504	493
4385000	13462	500
4386000	14525	273
4387000	14420	500
4388000	15462	497
4389000	15462	495
4390000	14420	499
4391000	13504	494
4392000	13504	495
4393000	15462	501
4394000	15462	268
4395000	15462	491
4396000	16590	489
4397000	15569	491
4398000	14420	274
4399000	14525	498
4400000	13462	495
4401000	13504	491
4402000	15462	497
4403000	15462	272
4404000	16485	490
4405000	13397	494
4406000	13504	495
4407000	14525	494
4408000	14420	273
4409000	15462	501
4410000	16590	491
4411000	15462	491
4412000	15462	268
4413000	13397	492
4414000	14525	494
4415000	14525	498
4416000	14420	497
4417000	15569	495
4418000	15548	273
4419000	14420	498
4420000	14525	494
4421000	14525	495
4422000	13462	501
4423000	16590	495
4424000	15462	496
4425000	15462	268
4426000	14525	493
4427000	14525	497
4428000	14525	497
4429000	14420	500
4430000	15462	495
4431000	15462	272
4432000	13483	490
4433000	14420	498
4434000	14525	493
4435000	13462	499
4436000	16590	494
4437000	15548	271
4438000	14420	493
4439000	14525	497
4440000	14525	494
4441000	13483	493
4442000	15462	501
4443000	15462	272
4444000	15462	487
4445000	16590	494
4446000	14525	275
4447000	14525	493
4448000	13504	501
4449000	15462	500
4450000	16590	493
4451000	15462	492
4452000	13483	496
4453000	13462	501
4454000	14420	272
4455000	15462	500
4456000	16485	492
4457000	16590	491
4458000	14420	493
4459000	14525	496
4460000	14525	278
4461000	13462	496
4462000	15462	500
4463000	15462	492
4464000	14525	496
4465000	13483	494
4466000	14420	496
4467000	14525	273
4468000	15462	503
4469000	15462	493
4470000	15462	492
4471000	14525	497
4472000	14525	498
4473000	13462	505
4474000	16485	492
4475000	15462	269
4476000	16590	489
4477000	13483	499
4478000	13462	501
4479000	15462	504
4480000	15462	493
4481000	15548	489
4482000	13397	279
4483000	14420	491
4484000	13504	491
4485000	14525	495
4486000	14420	500
4487000	15462	498
4488000	16590	273
4489000	16485	494
4490000	14420	492
4491000	14525	495
4492000	14525	499
4493000	14525	267
4494000	13483	491
4495000	13483	494
4496000	16590	493
4497000	15462	497
4498000	13397	273
4499000	14525	496
4500000	14525	491
4501000	13504	498
4502000	13462	494
4503000	15462	500
4504000	15462	273
4505000	14420	496
4506000	13483	495
4507000	14525	496
4508000	14420	501
4509000	15462	495
4510000	16485	269
4511000	15462	492
4512000	14420	495
4513000	13462	499
4514000	14420	495
4515000	15462	499
4516000	15462	492
4517000	15462	272
4518000	13292	492
4519000	14420	495
4520000	14525	498
4521000	13462	492
4522000	15462	501
4523000	15462	271
4524000	15462	491
4525000	14525	493
4526000	14525	497
4527000	14420	501
4528000	15462	498
