<?xml version="1.0" encoding="UTF-8"?>
<project xmlns="http://www.netbeans.org/ns/project/1">
    <type>org.netbeans.modules.ant.freeform</type>
    <configuration>
        <general-data xmlns="http://www.netbeans.org/ns/freeform-project/1">
            <name>Earth</name>
            <view>
                <items>
                    <source-folder style="tree">
                        <label>Files</label>
                        <location>.</location>
                    </source-folder>
                </items>
            </view>
        </general-data>
    </configuration>
</project>
